source_path	source_heading	purpose	source_entities_fields	source_relationships_order	destination_path	mermaid_diagram_id	mermaid_type	semantic_review	render_status
backlog/archive/tasks/TASK-397-flakes-view-database-only-read-path.md	Goal	Request and synchronization flows	Open /flakes; GET /api/v1/flakes; PostgreSQL only; registry fields, environments, latest visible commit summary; open flake tray; timelines endpoint with bounded limit; per-flake commit history; returned-commit enrichment; synchronization Git work; new metadata; atomic branch-visibility snapshot; previous complete snapshot	List-open -> GET -> PostgreSQL -> registry result; tray-open -> timeline GET -> PostgreSQL -> history -> enrichment; synchronization -> Git -> metadata -> atomic snapshot -> previous snapshot visible until commit	backlog/archive/tasks/TASK-397-flakes-view-database-only-read-path.md	backlog-task397-flake-read-sync-flows	flowchart TD	Preserves three separate flows and read/write boundary; no claim that GET performs Git work	pending
backlog/archive/tasks/task-119 - Dashboard-Replace-Mock-Data-with-Backend-API-With-Safe-Fallback.md	High-Level Design	Dashboard module structure	 dashboard/; api.rs API client functions; adapter.rs real vs mock resolution logic; models.rs DTOs; view.rs existing UI view	Dashboard directory contains four sibling modules	backlog/archive/tasks/task-119 - Dashboard-Replace-Mock-Data-with-Backend-API-With-Safe-Fallback.md	backlog-task119-dashboard-module-tree	flowchart TD	Preserves the proposed modules and their descriptions	pending
backlog/archive/tasks/task-128 - Make-a-Security-View.md	🔹 Live Control Graph	CM-2 traceability graph	CM-2; flake.lock pinned; Git commit signed; CI reproducible build; immutable image digest	CM-2 branches to four evidence nodes	backlog/archive/tasks/task-128 - Make-a-Security-View.md	backlog-task128-cm2-traceability-graph	flowchart TD	Preserves all four linked control evidence items; heading remains proposal context	pending
backlog/archive/tasks/task-129 - Improve-Flakes-View-Remove-Filter-Dropdown-Add-File-Level-Diff-Navigation.md	Visual Mockup	Flake registry and selected commit diff mockup	Registry; search; environment, commit and size filters; add flake; Flake Name/Systems/Latest Commit columns; production 12 abc1234 2 hours; staging 5 def5678 1 day; dev 3 ghi9012 3 days; Git Commit History production; timeline selected abc1234; author and time; five file paths with additions/deletions; expanded hosts/production/default.nix; diff header and hunk; SSH enable; PasswordAuthentication true changed to false; KbdInteractiveAuthentication truncated line; ports 22/2222; system packages git and added htop	Registry controls -> columns -> three rows; commit timeline -> author/time -> five changed files; selecting first file -> expanded file summary -> diff content	backlog/archive/tasks/task-129 - Improve-Flakes-View-Remove-Filter-Dropdown-Add-File-Level-Diff-Navigation.md	backlog-task129-flake-registry-and-diff-mockup	flowchart TD	Preserves UI sections, rows, labels, filters, metadata, file navigation, and visible diff statements; original shows truncated KbdInteractiveAuthentication value	pending
backlog/archive/tasks/task-154 - Implement-WebSocket-based-real-time-build-log-streaming.md	Architecture	Proposed log-stream architecture	Builder Process; captured nix-store stdout/stderr already done; WebSocket line sends; batched HTTP POST fallback; Server; endpoint /api/v1/builders/:id/jobs/:job_id/logs/stream; append database storage; broadcast to UI clients; UI WebSocket connection on build details; real-time logs; auto-scroll/follows mode	Builder capture branches to WebSocket send or HTTP fallback; WebSocket reaches server endpoint, append storage and broadcast; UI connects, streams, then follows/scrolls	backlog/archive/tasks/task-154 - Implement-WebSocket-based-real-time-build-log-streaming.md	backlog-task154-proposed-log-stream-architecture	flowchart LR	Preserves proposed status, endpoint, fallback, persistence and UI behavior	pending
backlog/archive/tasks/task-154 - Implement-WebSocket-based-real-time-build-log-streaming.md	🔨 Architecture Implemented	Log and metric delivery paths	Builder; WebSocket; Server; UI; plain text logs; Database build_jobs.logs; JSON metrics; broadcast only not stored; all connected clients	Builder -> WebSocket -> Server -> UI; plain text logs -> DB; JSON metrics -> broadcast -> all connected clients	backlog/archive/tasks/task-154 - Implement-WebSocket-based-real-time-build-log-streaming.md	backlog-task154-implemented-log-and-metric-routing	flowchart LR	Preserves the implemented heading and distinction between persisted logs and transient metrics	pending
backlog/archive/tasks/task-154 - Implement-WebSocket-based-real-time-build-log-streaming.md	Architecture Diagram	Evaluation status broadcast flow	parallel nix-eval-jobs; stdout attr chesty and drvPath; eval_with_nix_eval_jobs(); Parse result; system_status broadcast with chesty/success; DryRunComplete; create build job; WebSocket; FlakeHistoryExplorer; receive status; HashMap update; green chip rerender	Evaluation stdout -> function -> parse/status broadcast/mark/create; status broadcast -> WebSocket -> UI -> receive -> map update -> rerender	backlog/archive/tasks/task-154 - Implement-WebSocket-based-real-time-build-log-streaming.md	backlog-task154-evaluation-status-websocket-flow	flowchart TD	Preserves distinct sibling processing effects and the UI update sequence	pending
backlog/archive/tasks/task-155 - Improve-build-queue-UI-with-drag-and-drop-reordering-and-better-card-design.md	Example Card Layout	Build queue card wireframe	Blue QUEUED; Priority 20.0; nixos-server-01; prod; /nix/store/abc...xyz-config; Queued 5m ago	Single card contains status, priority, system, environment, store path, and queue age in that visual order	backlog/archive/tasks/task-155 - Improve-build-queue-UI-with-drag-and-drop-reordering-and-better-card-design.md	backlog-task155-build-queue-card-layout	flowchart TD	Preserves every visible card value and ordering	pending
backlog/archive/tasks/task-205 - Fix-masquerade-architecture-separate-UI-preview-from-real-authorization.md	Correct Architecture	Three role and filtering responsibility panels	Real Role Authorization; route guards; mutation permissions; unaffected by masquerade; check ALL roles; Display Role UI Preview; show/hide UI; affected by masquerade; masquerade_role OR highest_real_role; badge and conditional rendering; API Header Backend Data Filtering Advisory Only; X-Masquerade-Role; MAY filter; MUST authorize by real role	Three separate panels; no new relationships asserted	backlog/archive/tasks/task-205 - Fix-masquerade-architecture-separate-UI-preview-from-real-authorization.md	backlog-task205-role-authorization-preview-boundaries	flowchart LR	Preserves the three independent responsibilities and normative MUST/MAY text without asserting additional connections	pending
backlog/archive/tasks/task-395 - Split-backend-into-process-boundary-crates-and-isolated-Nix-builds.md	Goal	Intended workspace directory tree	packages/default; Cargo.toml; Cargo.lock; crates; cf-protocol; cf-config; cf-server; cf-builder; cf-agent; cf-keygen	Root contains two manifests and crates directory; crates contains six named crates	backlog/archive/tasks/task-395 - Split-backend-into-process-boundary-crates-and-isolated-Nix-builds.md	backlog-task395-intended-workspace-tree	flowchart TD	Preserves intended design status and all package names	pending
backlog/archive/tasks/task-395 - Split-backend-into-process-boundary-crates-and-isolated-Nix-builds.md	Workspace shape achieved	Achieved workspace directory tree	packages/default; Cargo.toml virtual workspace; Cargo.lock; crates; cf-protocol wire types/no sqlx/axum/server deps; cf-config configuration loading/no DB; cf-agent deployment agent binary; cf-builder remote build worker binary; cf-keygen key generation utility binary; cf-server HTTP server/DB/migrations/tasks	Root contains manifests and crates; crates order is protocol, config, agent, builder, keygen, server	backlog/archive/tasks/task-395 - Split-backend-into-process-boundary-crates-and-isolated-Nix-builds.md	backlog-task395-achieved-workspace-tree	flowchart TD	Preserves achieved status, exact crate descriptions, and source order	pending
backlog/archive/tasks/task-48 - Refactor-Standardize-layout-module-to-use-mod.rs-pattern.md	Current Structure (Inconsistent)	Current component layout module tree	components; layout.rs module declaration alternate pattern; layout/; app_shell.rs; card.rs; sidebar.rs; topbar.rs	components contains layout.rs and layout directory; directory contains four files in listed order	backlog/archive/tasks/task-48 - Refactor-Standardize-layout-module-to-use-mod.rs-pattern.md	backlog-task48-current-layout-module-tree	flowchart TD	Preserves current/inconsistent status and explanatory annotation	pending
backlog/archive/tasks/task-48 - Refactor-Standardize-layout-module-to-use-mod.rs-pattern.md	Target Structure (Standard)	Target component layout module tree	components; layout/; mod.rs module declaration standard pattern; app_shell.rs; card.rs; sidebar.rs; topbar.rs	components contains layout directory; directory contains mod.rs then four files in listed order	backlog/archive/tasks/task-48 - Refactor-Standardize-layout-module-to-use-mod.rs-pattern.md	backlog-task48-target-layout-module-tree	flowchart TD	Preserves target/standard status and explanatory annotation	pending
backlog/archive/tasks/task-49 - Refactor-Move-flake_timeline.rs-to-components-flake.md	Current Location	Current flake component tree	components; flake_timeline.rs should be in flake; flake/; mod.rs currently just TODO comments	components contains timeline file and flake directory; flake contains mod.rs	backlog/archive/tasks/task-49 - Refactor-Move-flake_timeline.rs-to-components-flake.md	backlog-task49-current-flake-component-tree	flowchart TD	Preserves current location and TODO status	pending
backlog/archive/tasks/task-49 - Refactor-Move-flake_timeline.rs-to-components-flake.md	Target Location	Target flake component tree	components; flake/; mod.rs should export FlakeTimelineWidget; flake_timeline.rs	components contains flake directory; directory contains mod.rs then flake_timeline.rs	backlog/archive/tasks/task-49 - Refactor-Move-flake_timeline.rs-to-components-flake.md	backlog-task49-target-flake-component-tree	flowchart TD	Preserves target location and expected export	pending
backlog/archive/tasks/task-58 - Add-code-coverage-CI-job-with-MR-artifacts.md	Artifact Structure	Coverage report artifact tree	coverage-report; index.html main HTML report; summary.md Markdown MR summary; coverage.json machine-readable coverage data; detailed per-file HTML reports; src/main.rs.html; ellipsis	Report root contains index, summary, JSON and detailed directory; detailed contains src/main.rs.html and other reports	backlog/archive/tasks/task-58 - Add-code-coverage-CI-job-with-MR-artifacts.md	backlog-task58-coverage-report-artifact-tree	flowchart TD	Preserves names, descriptions, nesting, and ellipsis	pending
backlog/docs/doc-24 - Crystal-Forge-Evaluation-Evidence-Build-Admission-and-Deployment-Gating-Architecture.md	2. User intent / product behavior	Fast-evaluation admission and deployment readiness	fast eval; drift known; candidate build admitted; build/cache work; deep Config inspection; policy assessment; deployment; build/cache readiness; required policy/evidence readiness	Fast eval branches to drift/build admission and deep inspection; admitted work feeds build/cache; inspection feeds policy; deployment requires both readiness conditions	backlog/docs/doc-24 - Crystal-Forge-Evaluation-Evidence-Build-Admission-and-Deployment-Gating-Architecture.md	backlog-doc24-user-intent-build-policy-branches	flowchart TD	Preserves both branches and the explicit BOTH deployment requirement as proposed product behavior	pending
backlog/docs/doc-24 - Crystal-Forge-Evaluation-Evidence-Build-Admission-and-Deployment-Gating-Architecture.md	5. Parallel pipeline	Target parallel execution pipeline	COMMIT / REVISION; FAST IDENTITY EVAL; DRIFT CLASSIFICATION expected vs running; BUILD ADMISSION; BUILD; CACHE; DEEP CONFIG INSPECTION; CONFIG EVIDENCE READY; POLICY ASSESSMENT; FINAL DEPLOYMENT GATE	Commit -> fast evaluation; fast evaluation branches to drift, admission/build/cache, and deep inspection/evidence/policy; cache and policy feed final gate	backlog/docs/doc-24 - Crystal-Forge-Evaluation-Evidence-Build-Admission-and-Deployment-Gating-Architecture.md	backlog-doc24-parallel-evaluation-build-policy-pipeline	flowchart TD	Preserves target parallel branches and convergence at deployment gate	pending
backlog/docs/doc-24 - Crystal-Forge-Evaluation-Evidence-Build-Admission-and-Deployment-Gating-Architecture.md	Flake artifact	Evaluation artifact family	EvaluationArtifact; ConfigArtifact; FlakeOutputArtifact; CveArtifact; BuildClosureArtifact; PolicyAssessmentArtifact	EvaluationArtifact contains five child artifact types in listed order	backlog/docs/doc-24 - Crystal-Forge-Evaluation-Evidence-Build-Admission-and-Deployment-Gating-Architecture.md	backlog-doc24-evaluation-artifact-family	flowchart TD	Preserves proposed family composition and ordering	pending
backlog/docs/doc-24 - Crystal-Forge-Evaluation-Evidence-Build-Admission-and-Deployment-Gating-Architecture.md	16. Isolation requirements	Per-configuration inspection isolation	flake revision; config A/B/C; targeted inspection A/B/C; broken config D; failure isolated to D	Revision branches independently to each configuration and its targeted result; D failure remains local	backlog/docs/doc-24 - Crystal-Forge-Evaluation-Evidence-Build-Admission-and-Deployment-Gating-Architecture.md	backlog-doc24-per-configuration-isolation	flowchart TD	Preserves the explicit per-configuration isolation requirement	pending
backlog/docs/doc-24 - Crystal-Forge-Evaluation-Evidence-Build-Admission-and-Deployment-Gating-Architecture.md	11. Progressive build-admission state machine	Conceptual build eligibility progression	Evaluated; Candidate; CF-capable; Policy-qualified; Build-ready / Build-running; Deployment-qualified	Linear state progression in the displayed order; no branches are shown	backlog/docs/doc-24 - Crystal-Forge-Evaluation-Evidence-Build-Admission-and-Deployment-Gating-Architecture.md	backlog-doc24-progressive-build-admission-states	stateDiagram-v2	Reviewed as a conceptual proposed lifecycle; no additional transitions inferred	pending
backlog/docs/doc-24 - Crystal-Forge-Evaluation-Evidence-Build-Admission-and-Deployment-Gating-Architecture.md	13. PolicyAssessment becomes the decision source of truth	Evidence and policy identity inputs to decision outputs	Immutable evidence artifacts; exact policy-set/version; PolicyAssessment; BuildAdmissionDecision; DeploymentDecision	Both inputs feed PolicyAssessment; assessment branches to both decision outputs	backlog/docs/doc-24 - Crystal-Forge-Evaluation-Evidence-Build-Admission-and-Deployment-Gating-Architecture.md	backlog-doc24-policy-assessment-decision-source	flowchart LR	Reviewed; both inputs and both directed outputs retained as proposed design	pending
backlog/docs/doc-24 - Crystal-Forge-Evaluation-Evidence-Build-Admission-and-Deployment-Gating-Architecture.md	12. Build prioritization	Example priority ranking and evidence conditions	Highest priority explicit deployment request + Config evidence ready + policies pass; High auto-latest + Config policies pass; Normal cfAgentEnabled verified + deep inspection pending; Low/speculative build-all + no policy evidence; Held strict pre-build failure OR selected mode requires missing evidence	Priority categories rank highest to held in source order; conditions within each category are conjunctive where joined with plus; held category preserves the source OR condition	backlog/docs/doc-24 - Crystal-Forge-Evaluation-Evidence-Build-Admission-and-Deployment-Gating-Architecture.md	backlog-doc24-example-priority-model	flowchart TD	Reviewed; rank order and source conjunction/disjunction are explicit	pending
backlog/docs/doc-24 - Crystal-Forge-Evaluation-Evidence-Build-Admission-and-Deployment-Gating-Architecture.md	18. Example timing	Example healthy-pipeline timeline	T+0s revision discovered; T+1-2s fast eval plus identity/drift/cfAgentEnabled/admission facts; T+2s build and deep inspection start; T+5-15s policy-ready Config and queued priority changes; T+10-20s rich provenance/UI enrichment; T+30-120s build/cache done and deployment immediately if authorized	Events ordered by the stated time windows; each event retains its associated facts; 5-15 and 10-20 windows overlap as in source	backlog/docs/doc-24 - Crystal-Forge-Evaluation-Evidence-Build-Admission-and-Deployment-Gating-Architecture.md	backlog-doc24-healthy-pipeline-timeline	timeline	Reviewed; time labels, overlap, and event annotations retained	pending
backlog/docs/doc-24 - Crystal-Forge-Evaluation-Evidence-Build-Admission-and-Deployment-Gating-Architecture.md	18. Example timing / Build all override	Build-all immediate admission sketch	Fast evaluation; build immediately; deployment remains policy-gated	Fast evaluation precedes build immediately; adjacent prose preserves that no admission policy is awaited and deployment remains gated	backlog/docs/doc-24 - Crystal-Forge-Evaluation-Evidence-Build-Admission-and-Deployment-Gating-Architecture.md	backlog-doc24-build-all-override	flowchart LR	Reviewed; immediate build edge retained; deployment gate remains in adjacent source prose	pending
backlog/docs/doc-24 - Crystal-Forge-Evaluation-Evidence-Build-Admission-and-Deployment-Gating-Architecture.md	25. Short version	Short version of future evaluation pipeline	FAST EVAL; exact config/build identity; expected store path; instant drift classification; cfAgentEnabled; early build admission; BUILD/CACHE; DEEP CONFIG INSPECTION; CONFIG EVIDENCE; typed policy assessment; promote/hold/deprioritize queued work; FINAL DEPLOYMENT; build readiness; exact Config evidence; policy assessment; CVE/approval/runtime gates	Fast eval proceeds through five identity/admission stages; build/cache and deep inspection run in parallel; evidence leads to policy and queue prioritization; deployment requires listed readiness and gates	backlog/docs/doc-24 - Crystal-Forge-Evaluation-Evidence-Build-Admission-and-Deployment-Gating-Architecture.md	backlog-doc24-short-version-future-pipeline	flowchart TD	Preserves future-design framing, sequence, parallel work, queue actions and all deployment requirements	pending
backlog/docs/doc-7 - TASK-297-Complete-Implementation-Guide-Rebuild-Flakes-View.md	File Structure	Flakes view implementation file tree	packages/web-ui/src; views/flakes_list.rs complete rewrite; components/flake_tray.rs NEW side tray component; pipeline_status.rs NEW pipeline pills/dots/arrows; diff_modal.rs NEW file diff viewer modal; mod.rs update exports; api/models.rs add new data models	Root contains views, components, api; files retain source nesting and descriptions	backlog/docs/doc-7 - TASK-297-Complete-Implementation-Guide-Rebuild-Flakes-View.md	backlog-doc7-flakes-view-file-structure	flowchart TD	Preserves proposed file structure and status annotations	pending
backlog/milestones/m-5 - web-ui-component-reorganization.md	After Reorganization	Component reorganization directory tree	components; charts mod.rs/donut.rs complete; dashboard mod.rs and six existing components; diff mod.rs/viewer/friendly_diff origins; filters mod.rs, two existing and three moved dropdowns; forms mod.rs and add forms; flake mod.rs/timeline move/card/history; layout mod.rs rename and four modules; modals mod.rs/confirm existing/key pair/remove; policy mod.rs/card/editor; system mod.rs/card existing/others; tables mod.rs/sortable existing/systems table; builds mod.rs/components; loading/stat_card/status_badge/widget_grid generic utilities	Root to component directories then listed modules/files; all existing/completed/move/from-source annotations retained	backlog/milestones/m-5 - web-ui-component-reorganization.md	backlog-milestone5-component-reorganization-tree	flowchart TD	Preserves full proposed tree, file ordering, completion statuses and source annotations	pending
backlog/tasks/task-206 - Add-flake-filter-and-cross-linking-between-systems-and-flakes-views.md	Example Filter UI	Systems toolbar wireframe	Systems View Toolbar; [Grid]; [Table]; separator; Filter by; [Flake: nixpkgs ×]	Toolbar contains view controls, separator and active flake filter	backlog/tasks/task-206 - Add-flake-filter-and-cross-linking-between-systems-and-flakes-views.md	backlog-task206-systems-filter-toolbar-wireframe	flowchart TD	Preserves every toolbar label and active-filter token	pending
backlog/tasks/task-206 - Add-flake-filter-and-cross-linking-between-systems-and-flakes-views.md	Example Filter UI	Flake card cross-link wireframe	Flake Card; nixpkgs; github:NixOS/nixpkgs/abc123; 24 systems using this flake arrow; clickable link annotation	Card displays name, source reference and clickable systems-count link in order	backlog/tasks/task-206 - Add-flake-filter-and-cross-linking-between-systems-and-flakes-views.md	backlog-task206-flake-card-crosslink-wireframe	flowchart TD	Preserves card labels, reference and link interaction	pending
backlog/tasks/task-209 - Expose-flake-evaluation-error-messages-in-UI.md	Frontend Changes	Flake evaluation failure wireframe	Flake my-nixos-config; warning icon; Evaluation Failed; latest commit abc123 2 hours ago; error icon and Evaluation Error label; undefined variable pkgs; /flake.nix:42:5	Flake header contains commit and error panel; error message precedes source location	backlog/tasks/task-209 - Expose-flake-evaluation-error-messages-in-UI.md	backlog-task209-flake-evaluation-error-wireframe	flowchart TD	Preserves every visible status, message, commit field and source location	pending
backlog/tasks/task-425 - Generate-Standalone-NixOS-Modules-from-Exported-Crystal-Forge-Policies-and-Compliance-Bundles.md	Generated module structure	Generated module directory tree	generated-hardening; default.nix imports = [ ./policies/... ]; policies one .nix per policy; manifest.json	Root contains default.nix, policies directory and manifest	backlog/tasks/task-425 - Generate-Standalone-NixOS-Modules-from-Exported-Crystal-Forge-Policies-and-Compliance-Bundles.md	backlog-task425-generated-module-tree	flowchart TD	Preserves generated structure and comments	pending
backlog/archive/tasks/TASK-398-alerts-attention-incidents.md	Goal	Attention occurrence lifecycle and visibility rules	New incident; occurrence opened; 24-hour alert eligibility; sidebar/tab/row attention; user acknowledgement/dismissal; server per-user dismissal; immediate disappearance; no recurrence for same user; unresolved after 24 hours; ordinary status/history; no alert/count; resolved then recurs; new occurrence ID; fresh alert window	Incident opens occurrence; acknowledgement records dismissal -> disappears and stays dismissed for that user; unresolved beyond 24h loses alert/count but remains ordinary status/history; resolution then recurrence creates a new 24h occurrence	backlog/archive/tasks/TASK-398-alerts-attention-incidents.md	backlog-task-398-occurrence-lifecycle	flowchart TD	Reviewed; the four independent scenarios (new incident, dismissal, unresolved past 24 hours, recurrence) are four subgraphs with their source steps in order. No edge joins two scenarios	pending
backlog/archive/tasks/task-154 - Implement-WebSocket-based-real-time-build-log-streaming.md	Expected Behavior	Re-evaluation request and attempt reset cycle	User POST /api/v1/commits/123/re-evaluate; Server resets attempt count to 0; Eval loop picks up commit on next cycle (< 30s); eval runs again (fresh attempts)	Four steps in a single downward chain: POST, reset, pick-up, re-run	backlog/archive/tasks/task-154 - Implement-WebSocket-based-real-time-build-log-streaming.md	backlog-task-154-manual-retry	sequenceDiagram	Reviewed; actors are User, Server, and Eval loop. The four source steps keep their order. The '< 30s' bound stays on the pick-up step. The source has no return loop	pending
backlog/tasks/task-412 - Implement-design-changes-from-dev-commit-5410121e.md	Description	CF-XCCDF bundle import, review, assignment and export workflow	Import foreign STIG/CF-XCCDF; inspect metadata/requirements; select profile/rules; map or create/preserve policies; draft bundle; review/trust executable content; publish immutable version; assign environment/system; enforce baseline; overlay; export XCCDF; reimport preserving supported semantics	Ordered user workflow from import through cross-instance reimport; branch alternatives in policy mapping remain within that step	backlog/tasks/task-412 - Implement-design-changes-from-dev-commit-5410121e.md	backlog-task-412-import-export-workflow	flowchart TD	Reviewed; all twelve source steps are kept in order as one chain, including the three policy-mapping alternatives in step four	pending
backlog/tasks/task-415 - Implement-deployment-approvals-and-running-state-attestations.md	Approval state transition rules	Approval lifecycle transitions	pending; approved; rejected; expired; cancelled; superseded; consumed	pending to approved, rejected, expired, cancelled, superseded; approved to consumed, cancelled, superseded	backlog/tasks/task-415 - Implement-deployment-approvals-and-running-state-attestations.md	backlog-task-415-approval-transitions	stateDiagram-v2	Reviewed; the eight ALLOWED transitions are kept exactly. The source then lists five FORBIDDEN transitions. A state diagram cannot express an absent edge, so those stay a bullet list and are not drawn	pending
backlog/docs/doc-22 - Compliance-UI-Redesign-Spec-design-commit-23c88aba.md	4.4 Score colour function (`ComplianceView.jsx:177-182`)	Ordered colour rule for a compliance score	score null; score >= 90; score >= 70; otherwise; colours var(--cf-text-muted), #34d399, #fbbf24, #f87171	First matching rule wins, in the listed order: null, then >= 90, then >= 70, then otherwise	backlog/docs/doc-22 - Compliance-UI-Redesign-Spec-design-commit-23c88aba.md	backlog-doc22-compliance-score-colors	flowchart TD	Reviewed; the null test comes first and the order of the thresholds is kept. Each colour value is unchanged. The source arrows mean 'maps to', and the flowchart edges are the decisions that select each value	pending
backlog/docs/doc-24 - Crystal-Forge-Evaluation-Evidence-Build-Admission-and-Deployment-Gating-Architecture.md	6. Drift detection must stay fast	Comparison of the running store path with the expected selected store path	running_store_path; expected_selected_store_path; matches selected configuration; drifted / behind / different configuration	Equal maps to 'matches selected configuration'. Not equal maps to 'drifted / behind / different configuration'	backlog/docs/doc-24 - Crystal-Forge-Evaluation-Evidence-Build-Admission-and-Deployment-Gating-Architecture.md	backlog-doc-24-store-path-comparison	flowchart TD	Reviewed; two mutually exclusive outcomes of one comparison. Both outcome labels are verbatim	pending
backlog/milestones/m-3 - user-interface.md	Execution Streams (Parallelized)	Four task execution streams and their start conditions	Stream 1 Backend API (TASK-8.5, 14, 15); Stream 2 UI Foundation (TASK-8.9, 8.1, 8.3, 8.4, 8.10, 9, 8.8); Stream 3 UI Views (TASK-10 to 13); Stream 4 Integration (TASK-8.6, 8.7, 8.11)	Each stream is an ordered chain. Streams 1 and 2 start immediately. Stream 3 starts after streams 1 and 2 converge. Stream 4 starts after stream 2	backlog/milestones/m-3 - user-interface.md	backlog-m-3-execution-streams	flowchart LR	Reviewed; all 17 task nodes and their chain order are kept. The start conditions in the source labels become edges between subgraphs (S1 and S2 to S3, S2 to S4). Immediate start has no incoming edge	pending
backlog/archive/tasks/task-194 - Remove-pre-populated-data-from-server-stack-up-keep-clean-for-server-stack-mock-only.md	Code Review Summary	Three change-flow chains from a stack name to its generated configuration template	server-stack; server-only; server-module; mock-execution-module (overrides); runServer; runServerMock; generateConfig; generateConfigMock; configTemplateClean; configTemplateMock; full-stack	Three independent six-step chains. Each source line ends with a check mark	backlog/archive/tasks/task-194 - Remove-pre-populated-data-from-server-stack-up-keep-clean-for-server-stack-mock-only.md	backlog-task-194-change-flow	flowchart LR	Reviewed; all three chains keep their nodes and order. The check marks became one sentence under the diagram. The two repeated node names in chains 2 and 3 are kept as in the source	pending
backlog/archive/tasks/task-248 - Fix-build-queue-state-transitions-and-stuck-Stopping-builds.md	Current State Flow Issues	Observed build queue state flow	Queue; Building; Stopping (stuck)	Queue to Building to Stopping, with no exit	backlog/archive/tasks/task-248 - Fix-build-queue-state-transitions-and-stuck-Stopping-builds.md	backlog-task-248-current-flow	stateDiagram-v2	Reviewed; the 'stuck' note stays on Stopping. The bullet list about missing paths stays as text	pending
backlog/archive/tasks/task-248 - Fix-build-queue-state-transitions-and-stuck-Stopping-builds.md	Desired State Flow	Desired build queue state flow	Queue; Building; Cancelled; Stopped; Completed	Queue to Building. Building to Cancelled, Stopped, or Completed (terminal). Cancelled and Stopped can restart to Queue	backlog/archive/tasks/task-248 - Fix-build-queue-state-transitions-and-stuck-Stopping-builds.md	backlog-task-248-desired-flow	stateDiagram-v2	Reviewed; the source writes 'Cancelled/Stopped' as two terminal states, so both are drawn. The restart ability from either state to Queue is drawn. Force-cancel of stuck builds stays a text bullet because it names no states	pending
